Price,Adj Close
Ticker,SCHD
Date,
2015-07-13,9.377121925354004
2015-07-14,9.401110649108887
2015-07-15,9.372323989868164
2015-07-16,9.432297706604004
2015-07-17,9.389117240905762
2015-07-20,9.384322166442871
2015-07-21,9.314751625061035
2015-07-22,9.271573066711426
2015-07-23,9.230793952941895
2015-07-24,9.130040168762207
2015-07-27,9.091658592224121
2015-07-28,9.223596572875977
2015-07-29,9.290762901306152
2015-07-30,9.283567428588867
2015-07-31,9.249984741210938
2015-08-03,9.218798637390137
2015-08-04,9.216400146484375
2015-08-05,9.259578704833984
2015-08-06,9.20440673828125
2015-08-07,9.163623809814453
2015-08-10,9.281170845031738
2015-08-11,9.218798637390137
2015-08-12,9.247584342956543
2015-08-13,9.218798637390137
2015-08-14,9.252382278442383
2015-08-17,9.281170845031738
2015-08-18,9.249984741210938
2015-08-19,9.163623809814453
2015-08-20,9.03408432006836
2015-08-21,8.777408599853516
2015-08-24,8.451167106628418
2015-08-25,8.307235717773438
2015-08-26,8.609488487243652
2015-08-27,8.796602249145508
2015-08-28,8.806197166442871
2015-08-31,8.758217811584473
2015-09-01,8.518332481384277
2015-09-02,8.667062759399414
2015-09-03,8.70064640045166
2015-09-04,8.56151294708252
2015-09-08,8.770215034484863
2015-09-09,8.633479118347168
2015-09-10,8.659868240356445
2015-09-11,8.695849418640137
2015-09-14,8.652669906616211
2015-09-15,8.772611618041992
2015-09-16,8.851776123046875
2015-09-17,8.849377632141113
2015-09-18,8.707844734191895
2015-09-21,8.758395195007324
2015-09-22,8.668901443481445
2015-09-23,8.64713191986084
2015-09-24,8.644715309143066
2015-09-25,8.668901443481445
2015-09-28,8.531030654907227
2015-09-29,8.562477111816406
2015-09-30,8.69550609588623
2015-10-01,8.683417320251465
2015-10-02,8.826123237609863
2015-10-05,8.995438575744629
2015-10-06,9.017204284667969
2015-10-07,9.099441528320312
2015-10-08,9.198614120483398
2015-10-09,9.198614120483398
2015-10-12,9.179262161254883
2015-10-13,9.130887031555176
2015-10-14,9.099441528320312
2015-10-15,9.18893814086914
2015-10-16,9.239731788635254
2015-10-19,9.225220680236816
2015-10-20,9.208288192749023
2015-10-21,9.184103012084961
2015-10-22,9.409046173095703
2015-10-23,9.498538970947266
2015-10-26,9.474353790283203
2015-10-27,9.438074111938477
2015-10-28,9.522729873657227
2015-10-29,9.496124267578125
2015-10-30,9.457422256469727
2015-11-02,9.559011459350586
2015-11-03,9.590455055236816
2015-11-04,9.559011459350586
2015-11-05,9.515475273132324
2015-11-06,9.491286277770996
2015-11-09,9.38969612121582
2015-11-10,9.399372100830078
2015-11-11,9.394536018371582
2015-11-12,9.263921737670898
2015-11-13,9.181681632995605
2015-11-16,9.331645011901855
2015-11-17,9.336482048034668
2015-11-18,9.42839527130127
2015-11-19,9.450165748596191
2015-11-20,9.455004692077637
2015-11-23,9.46951675415039
2015-11-24,9.510635375976562
2015-11-25,9.498538970947266
2015-11-27,9.505799293518066
2015-11-30,9.484027862548828
2015-12-01,9.563849449157715
2015-12-02,9.479190826416016
2015-12-03,9.365509986877441
2015-12-04,9.534825325012207
2015-12-07,9.488866806030273
2015-12-08,9.4017915725708
2015-12-09,9.372763633728027
2015-12-10,9.40421199798584
2015-12-11,9.251827239990234
2015-12-14,9.321971893310547
2015-12-15,9.409046173095703
2015-12-16,9.515475273132324
2015-12-17,9.382439613342285
2015-12-18,9.22280216217041
2015-12-21,9.293937683105469
2015-12-22,9.391383171081543
2015-12-23,9.510754585266113
2015-12-24,9.486394882202148
2015-12-28,9.459595680236816
2015-12-29,9.554607391357422
2015-12-30,9.501012802124023
2015-12-31,9.393819808959961
2016-01-04,9.286628723144531
2016-01-05,9.340224266052246
2016-01-06,9.228160858154297
2016-01-07,9.035704612731934
2016-01-08,8.938258171081543
2016-01-11,8.95531177520752
2016-01-12,9.008906364440918
2016-01-13,8.835939407348633
2016-01-14,8.984545707702637
2016-01-15,8.79695987701416
2016-01-19,8.806705474853516
2016-01-20,8.672715187072754
2016-01-21,8.74824047088623
2016-01-22,8.911459922790527
2016-01-25,8.814016342163086
2016-01-26,8.962618827819824
2016-01-27,8.911459922790527
2016-01-28,8.97480297088623
2016-01-29,9.179437637329102
2016-02-01,9.174565315246582
2016-02-02,9.028399467468262
2016-02-03,9.106352806091309
2016-02-04,9.108789443969727
2016-02-05,9.01134204864502
2016-02-08,8.994288444519043
2016-02-09,8.979673385620117
2016-02-10,8.930951118469238
2016-02-11,8.83837604522705
2016-02-12,8.979673385620117
2016-02-16,9.089302062988281
2016-02-17,9.220854759216309
2016-02-18,9.223286628723145
2016-02-19,9.208671569824219
2016-02-22,9.310990333557129
2016-02-23,9.235472679138184
2016-02-24,9.276884078979492
2016-02-25,9.381640434265137
2016-02-26,9.320735931396484
2016-02-29,9.247649192810059
2016-03-01,9.413309097290039
2016-03-02,9.459595680236816
2016-03-03,9.481521606445312
2016-03-04,9.518060684204102
2016-03-07,9.549735069274902
2016-03-08,9.491265296936035
2016-03-09,9.557042121887207
2016-03-10,9.557042121887207
2016-03-11,9.659360885620117
2016-03-14,9.64231014251709
2016-03-15,9.644743919372559
2016-03-16,9.698341369628906
2016-03-17,9.783604621887207
2016-03-18,9.800657272338867
2016-03-21,9.814894676208496
2016-03-22,9.795256614685059
2016-03-23,9.741262435913086
2016-03-24,9.748624801635742
2016-03-28,9.751080513000488
2016-03-29,9.836979866027832
2016-03-30,9.859071731567383
2016-03-31,9.839434623718262
2016-04-01,9.878705024719238
2016-04-04,9.854162216186523
2016-04-05,9.80752944946289
2016-04-06,9.886067390441895
2016-04-07,9.795256614685059
2016-04-08,9.832071304321289
2016-04-11,9.795256614685059
2016-04-12,9.876252174377441
2016-04-13,9.917978286743164
2016-04-14,9.90079402923584
2016-04-15,9.903246879577637
2016-04-18,9.969515800476074
2016-04-19,9.98424243927002
2016-04-20,9.952335357666016
2016-04-21,9.888525009155273
2016-04-22,9.886067390441895
2016-04-25,9.890974998474121
2016-04-26,9.905702590942383
2016-04-27,9.97197151184082
2016-04-28,9.88361644744873
2016-04-29,9.822253227233887
2016-05-02,9.8811616897583
2016-05-03,9.829618453979492
2016-05-04,9.792804718017578
2016-05-05,9.797713279724121
2016-05-06,9.851707458496094
2016-05-09,9.851707458496094
2016-05-10,9.962150573730469
2016-05-11,9.886067390441895
2016-05-12,9.913066864013672
2016-05-13,9.81243896484375
2016-05-16,9.90079402923584
2016-05-17,9.805075645446777
2016-05-18,9.746171951293945
2016-05-19,9.73635482788086
2016-05-20,9.773168563842773
2016-05-23,9.763354301452637
2016-05-24,9.878705024719238
2016-05-25,9.940062522888184
2016-05-26,9.952335357666016
2016-05-27,9.979334831237793
2016-05-31,9.959698677062988
2016-06-01,9.981786727905273
2016-06-02,9.99160385131836
2016-06-03,10.006333351135254
2016-06-06,10.062780380249023
2016-06-07,10.09959602355957
2016-06-08,10.131501197814941
2016-06-09,10.136411666870117
2016-06-10,10.092235565185547
2016-06-13,10.01369571685791
2016-06-14,10.01860523223877
2016-06-15,10.001420021057129
2016-06-16,10.05787181854248
2016-06-17,10.035780906677246
2016-06-20,10.111721992492676
2016-06-21,10.136456489562988
2016-06-22,10.111721992492676
2016-06-23,10.232922554016113
2016-06-24,9.943521499633789
2016-06-27,9.81242561340332
2016-06-28,9.936101913452148
2016-06-29,10.077091217041016
2016-06-30,10.250236511230469
2016-07-01,10.2601318359375
2016-07-05,10.22549819946289
2016-07-06,10.2601318359375
2016-07-07,10.245291709899902
2016-07-08,10.381332397460938
2016-07-11,10.428328514099121
2016-07-12,10.482748031616211
2016-07-13,10.507484436035156
2016-07-14,10.54953384399414
2016-07-15,10.544588088989258
2016-07-18,10.554478645324707
2016-07-19,10.556954383850098
2016-07-20,10.594053268432617
2016-07-21,10.556954383850098
2016-07-22,10.61878776550293
2016-07-25,10.596529006958008
2016-07-26,10.603949546813965
2016-07-27,10.547057151794434
2016-07-28,10.524796485900879
2016-07-29,10.542110443115234
2016-08-01,10.509957313537598
2016-08-02,10.443172454833984
2016-08-03,10.44811725616455
2016-08-04,10.465435028076172
2016-08-05,10.524796485900879
2016-08-08,10.524796485900879
2016-08-09,10.529742240905762
2016-08-10,10.527271270751953
2016-08-11,10.584159851074219
2016-08-12,10.576739311218262
2016-08-15,10.606422424316406
2016-08-16,10.544588088989258
2016-08-17,10.56190013885498
2016-08-18,10.594053268432617
2016-08-19,10.556954383850098
2016-08-22,10.544588088989258
2016-08-23,10.569321632385254
2016-08-24,10.542110443115234
2016-08-25,10.537162780761719
2016-08-26,10.507484436035156
2016-08-29,10.566847801208496
2016-08-30,10.527271270751953
2016-08-31,10.507484436035156
2016-09-01,10.527271270751953
2016-09-02,10.571791648864746
2016-09-06,10.601476669311523
2016-09-07,10.584159851074219
2016-09-08,10.56190013885498
2016-09-09,10.299707412719727
2016-09-12,10.445643424987793
2016-09-13,10.302179336547852
2016-09-14,10.277447700500488
2016-09-15,10.383807182312012
2016-09-16,10.35412311553955
2016-09-19,10.352632522583008
2016-09-20,10.347654342651367
2016-09-21,10.452153205871582
2016-09-22,10.501913070678711
2016-09-23,10.447176933288574
2016-09-26,10.362584114074707
2016-09-27,10.4421968460083
2016-09-28,10.49942398071289
2016-09-29,10.4421968460083
2016-09-30,10.526793479919434
2016-10-03,10.489472389221191
2016-10-04,10.407366752624512
2016-10-05,10.452153205871582
2016-10-06,10.459615707397461
2016-10-07,10.43971061706543
2016-10-10,10.454642295837402
2016-10-11,10.350144386291504
2016-10-12,10.357606887817383
2016-10-13,10.325265884399414
2016-10-14,10.340191841125488
2016-10-17,10.312822341918945
2016-10-18,10.320286750793457
2016-10-19,10.297894477844238
2016-10-20,10.2630615234375
2016-10-21,10.297894477844238
2016-10-24,10.350144386291504
2016-10-25,10.35511589050293
2016-10-26,10.37253189086914
2016-10-27,10.340191841125488
2016-10-28,10.350144386291504
2016-10-31,10.362584114074707
2016-11-01,10.292922019958496
2016-11-02,10.255598068237305
2016-11-03,10.22574234008789
2016-11-04,10.185935974121094
2016-11-07,10.377511978149414
2016-11-08,10.437222480773926
2016-11-09,10.531769752502441
2016-11-10,10.519326210021973
2016-11-11,10.51186466217041
2016-11-14,10.496935844421387
2016-11-15,10.581526756286621
2016-11-16,10.581526756286621
2016-11-17,10.591480255126953
2016-11-18,10.57904052734375
2016-11-21,10.651190757751465
2016-11-22,10.70592975616455
2016-11-23,10.710906982421875
2016-11-25,10.758177757263184
2016-11-28,10.743249893188477
2016-11-29,10.740760803222656
2016-11-30,10.700955390930176
2016-12-01,10.628801345825195
2016-12-02,10.663634300231934
2016-12-05,10.708415985107422
2016-12-06,10.738275527954102
2016-12-07,10.890043258666992
2016-12-08,10.89501667022705
2016-12-09,10.954731941223145
2016-12-12,11.009468078613281
2016-12-13,11.079132080078125
2016-12-14,10.96717357635498
2016-12-15,10.99951457977295
2016-12-16,11.004490852355957
2016-12-19,11.031858444213867
2016-12-20,11.059473991394043
2016-12-21,11.034367561340332
2016-12-22,11.024327278137207
2016-12-23,11.031858444213867
2016-12-27,11.049430847167969
2016-12-28,10.966581344604492
2016-12-29,10.97662353515625
2016-12-30,10.938961029052734
2017-01-03,10.996708869934082
2017-01-04,11.014283180236816
2017-01-05,11.004240036010742
2017-01-06,11.004240036010742
2017-01-09,10.946494102478027
2017-01-10,10.908835411071777
2017-01-11,10.938961029052734
2017-01-12,10.916366577148438
2017-01-13,10.923900604248047
2017-01-17,10.923900604248047
2017-01-18,10.928919792175293
2017-01-19,10.888750076293945
2017-01-20,10.946494102478027
2017-01-23,10.898794174194336
2017-01-24,10.964072227478027
2017-01-25,11.036877632141113
2017-01-26,10.996708869934082
2017-01-27,10.999218940734863
2017-01-30,10.938961029052734
2017-01-31,10.88624095916748
2017-02-01,10.836030960083008
2017-02-02,10.848579406738281
2017-02-03,10.898794174194336
2017-02-06,10.88624095916748
2017-02-07,10.908835411071777
2017-02-08,10.923900604248047
2017-02-09,10.96909236907959
2017-02-10,10.994197845458984
2017-02-13,11.049430847167969
2017-02-14,11.072027206420898
2017-02-15,11.134794235229492
2017-02-16,11.154879570007324
2017-02-17,11.169942855834961
2017-02-21,11.23019790649414
2017-02-22,11.2201566696167
2017-02-23,11.267862319946289
2017-02-24,11.29798698425293
2017-02-27,11.300498008728027
2017-02-28,11.257816314697266
2017-03-01,11.37581729888916
2017-03-02,11.338159561157227
2017-03-03,11.325605392456055
2017-03-06,11.308028221130371
2017-03-07,11.272882461547852
2017-03-08,11.260326385498047
2017-03-09,11.265349388122559
2017-03-10,11.310541152954102
2017-03-13,11.305521011352539
2017-03-14,11.270370483398438
2017-03-15,11.355731010437012
2017-03-16,11.345688819885254
2017-03-17,11.35322380065918
2017-03-20,11.337037086486816
2017-03-21,11.253584861755371
2017-03-22,11.263700485229492
2017-03-23,11.248526573181152
2017-03-24,11.223237991333008
2017-03-27,11.213122367858887
2017-03-28,11.271285057067871
2017-03-29,11.268755912780762
2017-03-30,11.283931732177734
2017-03-31,11.27381420135498
2017-04-03,11.240938186645508
2017-04-04,11.268755912780762
2017-04-05,11.238409996032715
2017-04-06,11.243468284606934
2017-04-07,11.248526573181152
2017-04-10,11.248526573181152
2017-04-11,11.251055717468262
2017-04-12,11.218183517456055
2017-04-13,11.149900436401367
2017-04-17,11.223237991333008
2017-04-18,11.220712661743164
2017-04-19,11.175187110900879
2017-04-20,11.230826377868652
2017-04-21,11.213122367858887
2017-04-24,11.311748504638672
2017-04-25,11.372442245483398
2017-04-26,11.347155570983887
2017-04-27,11.354741096496582
2017-04-28,11.301633834838867
2017-05-01,11.283931732177734
2017-05-02,11.28899097442627
2017-05-03,11.296575546264648
2017-05-04,11.306692123413086
2017-05-05,11.347155570983887
2017-05-08,11.334508895874023
2017-05-09,11.324395179748535
2017-05-10,11.33198070526123
2017-05-11,11.283931732177734
2017-05-12,11.263700485229492
2017-05-15,11.324395179748535
2017-05-16,11.334508895874023
2017-05-17,11.19542121887207
2017-05-18,11.208065032958984
2017-05-19,11.294048309326172
2017-05-22,11.352213859558105
2017-05-23,11.344624519348145
2017-05-24,11.36738395690918
2017-05-25,11.44325065612793
2017-05-26,11.438192367553711
2017-05-30,11.466011047363281
2017-05-31,11.498887062072754
2017-06-01,11.557053565979004
2017-06-02,11.577284812927246
2017-06-05,11.582341194152832
2017-06-06,11.54946517944336
2017-06-07,11.539352416992188
2017-06-08,11.53176212310791
2017-06-09,11.557053565979004
2017-06-12,11.577284812927246
2017-06-13,11.612687110900879
2017-06-14,11.627861022949219
2017-06-15,11.625330924987793
2017-06-16,11.645563125610352
2017-06-19,11.70949649810791
2017-06-20,11.645818710327148
2017-06-21,11.599967956542969
2017-06-22,11.587231636047363
2017-06-23,11.61015796661377
2017-06-26,11.599967956542969
2017-06-27,11.521002769470215
2017-06-28,11.571948051452637
2017-06-29,11.45223331451416
2017-06-30,11.487890243530273
2017-07-03,11.515910148620605
2017-07-05,11.523550987243652
2017-07-06,11.4369478225708
2017-07-07,11.487890243530273
2017-07-10,11.462417602539062
2017-07-11,11.45223331451416
2017-07-12,11.528645515441895
2017-07-13,11.538836479187012
2017-07-14,11.605064392089844
2017-07-17,11.599967956542969
2017-07-18,11.582140922546387
2017-07-19,11.620345115661621
2017-07-20,11.620345115661621
2017-07-21,11.605064392089844
2017-07-24,11.533740997314453
2017-07-25,11.594874382019043
2017-07-26,11.615252494812012
2017-07-27,11.70949649810791
2017-07-28,11.653457641601562
2017-07-31,11.678930282592773
2017-08-01,11.686573028564453
2017-08-02,11.676383972167969
2017-08-03,11.696762084960938
2017-08-04,11.712045669555664
2017-08-07,11.732423782348633
2017-08-08,11.704401969909668
2017-08-09,11.70949649810791
2017-08-10,11.630536079406738
2017-08-11,11.625442504882812
2017-08-14,11.712045669555664
2017-08-15,11.712045669555664
2017-08-16,11.740065574645996
2017-08-17,11.577041625976562
2017-08-18,11.536286354064941
2017-08-21,11.574498176574707
2017-08-22,11.640722274780273
2017-08-23,11.599967956542969
2017-08-24,11.582140922546387
2017-08-25,11.615252494812012
2017-08-28,11.602514266967773
2017-08-29,11.615252494812012
2017-08-30,11.638175010681152
2017-08-31,11.676383972167969
2017-09-01,11.6942138671875
2017-09-05,11.643270492553711
2017-09-06,11.6942138671875
2017-09-07,11.712045669555664
2017-09-08,11.6942138671875
2017-09-11,11.793554306030273
2017-09-12,11.849595069885254
2017-09-13,11.875065803527832
2017-09-14,11.910727500915527
2017-09-15,11.956576347351074
2017-09-18,11.983263969421387
2017-09-19,11.99609375
2017-09-20,11.998658180236816
2017-09-21,11.952471733093262
2017-09-22,11.975565910339355
2017-09-25,11.98839282989502
2017-09-26,11.972997665405273
2017-09-27,11.97043514251709
2017-09-28,12.001229286193848
2017-09-29,12.00892448425293
2017-10-02,12.060246467590332
2017-10-03,12.098732948303223
2017-10-04,12.129525184631348
2017-10-05,12.180846214294434
2017-10-06,12.162884712219238
2017-10-09,12.180846214294434
2017-10-10,12.250129699707031
2017-10-11,12.278351783752441
2017-10-12,12.293750762939453
2017-10-13,12.319409370422363
2017-10-16,12.319409370422363
2017-10-17,12.324541091918945
2017-10-18,12.3656005859375
2017-10-19,12.393824577331543
2017-10-20,12.434881210327148
2017-10-23,12.445148468017578
2017-10-24,12.460539817810059
2017-10-25,12.40152359008789
2017-10-26,12.442578315734863
2017-10-27,12.524693489074707
2017-10-30,12.437447547912598
2017-10-31,12.442578315734863
2017-11-01,12.488770484924316
2017-11-02,12.499031066894531
2017-11-03,12.51442813873291
2017-11-06,12.475935935974121
2017-11-07,12.506731033325195
2017-11-08,12.545222282409668
2017-11-09,12.488770484924316
2017-11-10,12.4913330078125
2017-11-13,12.540091514587402
2017-11-14,12.555484771728516
2017-11-15,12.460539817810059
2017-11-16,12.58627700805664
2017-11-17,12.540091514587402
2017-11-20,12.581144332885742
2017-11-21,12.652990341186523
2017-11-22,12.624763488769531
2017-11-24,12.64786148071289
2017-11-27,12.660688400268555
2017-11-28,12.794122695922852
2017-11-29,12.845446586608887
2017-11-30,12.966043472290039
2017-12-01,12.945516586303711
2017-12-04,12.996835708618164
2017-12-05,12.940383911132812
2017-12-06,12.950652122497559
2017-12-07,12.942949295043945
2017-12-08,12.98913860321045
2017-12-11,13.027627944946289
2017-12-12,13.043025016784668
2017-12-13,13.084081649780273
2017-12-14,13.030192375183105
2017-12-15,13.127704620361328
2017-12-18,13.219415664672852
2017-12-19,13.227169036865234
2017-12-20,13.227169036865234
2017-12-21,13.203912734985352
2017-12-22,13.219415664672852
2017-12-26,13.227169036865234
2017-12-27,13.245251655578613
2017-12-28,13.25300407409668
2017-12-29,13.219415664672852
2018-01-02,13.260751724243164
2018-01-03,13.299500465393066
2018-01-04,13.364087104797363
2018-01-05,13.446756362915039
2018-01-08,13.475175857543945
2018-01-09,13.477760314941406
2018-01-10,13.439008712768555
2018-01-11,13.534591674804688
2018-01-12,13.612099647521973
2018-01-16,13.588847160339355
2018-01-17,13.792938232421875
2018-01-18,13.754188537597656
2018-01-19,13.798104286193848
2018-01-22,13.909192085266113
2018-01-23,13.87560749053955
2018-01-24,13.842020988464355
2018-01-25,13.86527156829834
2018-01-26,14.100364685058594
2018-01-29,13.99960994720459
2018-01-30,13.821352005004883
2018-01-31,13.821352005004883
2018-02-01,13.777437210083008
2018-02-02,13.477760314941406
2018-02-05,12.891319274902344
2018-02-06,13.108330726623535
2018-02-07,13.079906463623047
2018-02-08,12.60197639465332
2018-02-09,12.772481918334961
2018-02-12,12.948156356811523
2018-02-13,12.958491325378418
2018-02-14,13.033407211303711
2018-02-15,13.185830116271973
2018-02-16,13.20133113861084
2018-02-20,13.046327590942383
2018-02-21,12.930071830749512
2018-02-22,12.981738090515137
2018-02-23,13.16774845123291
2018-02-26,13.348590850830078
2018-02-27,13.211666107177734
2018-02-28,13.043740272521973
2018-03-01,12.883567810058594
2018-03-02,12.922322273254395
2018-03-05,13.056657791137695
2018-03-06,13.066996574401855
2018-03-07,13.03857707977295
2018-03-08,13.092826843261719
2018-03-09,13.278837203979492
2018-03-12,13.203912734985352
2018-03-13,13.152243614196777
2018-03-14,13.030823707580566
2018-03-15,13.035993576049805
2018-03-16,13.08585262298584
2018-03-19,12.924842834472656
2018-03-20,12.927438735961914
2018-03-21,12.880697250366211
2018-03-22,12.600227355957031
2018-03-23,12.356119155883789
2018-03-26,12.657361030578613
2018-03-27,12.530112266540527
2018-03-28,12.574259757995605
2018-03-29,12.732671737670898
2018-04-02,12.431431770324707
2018-04-03,12.602828025817871
2018-04-04,12.750850677490234
2018-04-05,12.815774917602539
2018-04-06,12.558679580688477
2018-04-09,12.561275482177734
2018-04-10,12.74825382232666
2018-04-11,12.706703186035156
2018-04-12,12.776819229125977
2018-04-13,12.761236190795898
2018-04-16,12.891080856323242
2018-04-17,12.968993186950684
2018-04-18,12.924842834472656
2018-04-19,12.75864315032959
2018-04-20,12.633991241455078
2018-04-23,12.641780853271484
2018-04-24,12.51972484588623
2018-04-25,12.584648132324219
2018-04-26,12.688528060913086
2018-04-27,12.709300994873047
2018-04-30,12.589844703674316
2018-05-01,12.522322654724121
2018-05-02,12.395075798034668
2018-05-03,12.363909721374512
2018-05-04,12.527517318725586
2018-05-07,12.511933326721191
2018-05-08,12.511933326721191
2018-05-09,12.595036506652832
2018-05-10,12.722286224365234
2018-05-11,12.776819229125977
2018-05-14,12.828755378723145
2018-05-15,12.750850677490234
2018-05-16,12.841745376586914
2018-05-17,12.865113258361816
2018-05-18,12.826160430908203
2018-05-21,12.945621490478516
2018-05-22,12.880697250366211
2018-05-23,12.90666675567627
2018-05-24,12.891080856323242
2018-05-25,12.880697250366211
2018-05-29,12.782012939453125
2018-05-30,12.96379566192627
2018-05-31,12.815774917602539
2018-06-01,12.937828063964844
2018-06-04,13.00534725189209
2018-06-05,13.03651237487793
2018-06-06,13.117015838623047
2018-06-07,13.153372764587402
2018-06-08,13.21310043334961
2018-06-11,13.239070892333984
2018-06-12,13.24686050415039
2018-06-13,13.17674732208252
2018-06-14,13.17674732208252
2018-06-15,13.22348690032959
2018-06-18,13.109227180480957
2018-06-19,13.07546615600586
2018-06-20,13.072869300842285
2018-06-21,13.013137817382812
2018-06-22,13.072869300842285
2018-06-25,12.974188804626465
2018-06-26,12.94433879852295
2018-06-27,12.850081443786621
2018-06-28,12.89982795715332
2018-06-29,12.905064582824707
2018-07-02,12.88412094116211
2018-07-03,12.860555648803711
2018-07-05,12.996700286865234
2018-07-06,13.051684379577637
2018-07-09,13.132848739624023
2018-07-10,13.240192413330078
2018-07-11,13.12237548828125
2018-07-12,13.187829971313477
2018-07-13,13.242814064025879
2018-07-16,13.206156730651855
2018-07-17,13.245430946350098
2018-07-18,13.258522033691406
2018-07-19,13.266374588012695
2018-07-20,13.248050689697266
2018-07-23,13.240192413330078
2018-07-24,13.282083511352539
2018-07-25,13.360633850097656
2018-07-26,13.441793441772461
2018-07-27,13.37895679473877
2018-07-30,13.371101379394531
2018-07-31,13.491541862487793
2018-08-01,13.37895679473877
2018-08-02,13.441793441772461
2018-08-03,13.54128646850586
2018-08-06,13.562227249145508
2018-08-07,13.606739044189453
2018-08-08,13.596266746520996
2018-08-09,13.562227249145508
2018-08-10,13.475836753845215
2018-08-13,13.418231010437012
2018-08-14,13.49677562713623
2018-08-15,13.478449821472168
2018-08-16,13.635539054870605
2018-08-17,13.708849906921387
2018-08-20,13.742887496948242
2018-08-21,13.771687507629395
2018-08-22,13.72455883026123
2018-08-23,13.714086532592773
2018-08-24,13.761212348937988
2018-08-27,13.831903457641602
2018-08-28,13.834522247314453
2018-08-29,13.858088493347168
2018-08-30,13.784778594970703
2018-08-31,13.80048656463623
2018-09-04,13.795251846313477
2018-09-05,13.899978637695312
2018-09-06,13.90259838104248
2018-09-07,13.865942001342773
2018-09-10,13.918304443359375
2018-09-11,13.897361755371094
2018-09-12,13.928777694702148
2018-09-13,13.98114013671875
2018-09-14,13.99685001373291
2018-09-17,13.986379623413086
2018-09-18,14.057068824768066
2018-09-19,14.043977737426758
2018-09-20,14.148709297180176
2018-09-21,14.177502632141113
2018-09-24,14.062308311462402
2018-09-25,13.971887588500977
2018-09-26,13.95343017578125
2018-09-27,13.948158264160156
2018-09-28,13.971887588500977
2018-10-01,14.011428833007812
2018-10-02,14.053608894348145
2018-10-03,14.045697212219238
2018-10-04,13.977152824401855
2018-10-05,13.89016342163086
2018-10-08,13.958704948425293
2018-10-09,13.908614158630371
2018-10-10,13.560635566711426
2018-10-11,13.215293884277344
2018-10-12,13.312833786010742
2018-10-15,13.297013282775879
2018-10-16,13.507912635803223
2018-10-17,13.442007064819336
2018-10-18,13.297013282775879
2018-10-19,13.328644752502441
2018-10-22,13.289105415344238
2018-10-23,13.233745574951172
2018-10-24,12.930581092834473
2018-10-25,13.06502914428711
2018-10-26,12.909494400024414
2018-10-29,12.943763732910156
2018-10-30,13.199474334716797
2018-10-31,13.146751403808594
2018-11-01,13.299651145935059
2018-11-02,13.257471084594727
2018-11-05,13.407732009887695
2018-11-06,13.497371673583984
2018-11-07,13.666083335876465
2018-11-08,13.660810470581055
2018-11-09,13.581722259521484
2018-11-12,13.394556999206543
2018-11-13,13.384008407592773
2018-11-14,13.3207368850708
2018-11-15,13.415641784667969
2018-11-16,13.452552795410156
2018-11-19,13.33919620513916
2018-11-20,13.070304870605469
2018-11-21,13.086116790771484
2018-11-23,13.025483131408691
2018-11-26,13.165207862854004
2018-11-27,13.262746810913086
2018-11-28,13.471001625061035
2018-11-29,13.444640159606934
2018-11-30,13.589632034301758
2018-12-03,13.655536651611328
2018-12-04,13.291740417480469
2018-12-06,13.241656303405762
2018-12-07,12.980669975280762
2018-12-10,13.001758575439453
2018-12-11,13.022851943969727
2018-12-12,13.034811019897461
2018-12-13,13.05341625213623
2018-12-14,12.88330364227295
2018-12-17,12.612188339233398
2018-12-18,12.593583106994629
2018-12-19,12.402206420898438
2018-12-20,12.237414360046387
2018-12-21,12.096537590026855
2018-12-24,11.756315231323242
2018-12-26,12.261334419250488
2018-12-27,12.410181999206543
2018-12-28,12.38094425201416
2018-12-31,12.48460578918457
2019-01-02,12.48460578918457
2019-01-03,12.240070343017578
2019-01-04,12.577634811401367
2019-01-07,12.662691116333008
2019-01-08,12.782301902770996
2019-01-09,12.79293155670166
2019-01-10,12.848751068115234
2019-01-11,12.864700317382812
2019-01-14,12.806222915649414
2019-01-15,12.830145835876465
2019-01-16,12.784958839416504
2019-01-17,12.875332832336426
2019-01-18,13.087969779968262
2019-01-22,12.912543296813965
2019-01-23,12.963046073913574
2019-01-24,13.002915382385254
2019-01-25,13.050759315490723
2019-01-28,12.976335525512695
2019-01-29,12.992281913757324
2019-01-30,13.114548683166504
2019-01-31,13.23947811126709
2019-02-01,13.271373748779297
2019-02-04,13.348455429077148
2019-02-05,13.38300895690918
2019-02-06,13.430848121643066
2019-02-07,13.337824821472168
2019-02-08,13.337824821472168
2019-02-11,13.364401817321777
2019-02-12,13.555776596069336
2019-02-13,13.632859230041504
2019-02-14,13.590332984924316
2019-02-15,13.747157096862793
2019-02-19,13.800314903259277
2019-02-20,13.797654151916504
2019-02-21,13.747157096862793
2019-02-22,13.845497131347656
2019-02-25,13.845497131347656
2019-02-26,13.813602447509766
2019-02-27,13.779048919677734
2019-02-28,13.77639102935791
2019-03-01,13.832210540771484
2019-03-04,13.779048919677734
2019-03-05,13.747157096862793
2019-03-06,13.693990707397461
2019-03-07,13.600964546203613
2019-03-08,13.561092376708984
2019-03-11,13.752470016479492
2019-03-12,13.771073341369629
2019-03-13,13.858787536621094
2019-03-14,13.818920135498047
2019-03-15,13.893342018127441
2019-03-18,13.96245288848877
2019-03-19,13.946502685546875
2019-03-20,13.858732223510742
2019-03-21,14.011259078979492
2019-03-22,13.810563087463379
2019-03-25,13.78113079071045
2019-03-26,13.939010620117188
2019-03-27,13.885494232177734
2019-03-28,13.914923667907715
2019-03-29,13.989856719970703
2019-04-01,14.150411605834961
2019-04-02,14.107593536376953
2019-04-03,14.13167667388916
2019-04-04,14.209282875061035
2019-04-05,14.262797355651855
2019-04-08,14.313640594482422
2019-04-09,14.19054889678955
2019-04-10,14.209282875061035
2019-04-11,14.252093315124512
2019-04-12,14.34307861328125
2019-04-15,14.356457710266113
2019-04-16,14.468851089477539
2019-04-17,14.508988380432129
2019-04-18,14.506308555603027
2019-04-22,14.511664390563965
2019-04-23,14.610675811767578
2019-04-24,14.5972900390625
2019-04-25,14.375191688537598
2019-04-26,14.380542755126953
2019-04-29,14.356457710266113
2019-04-30,14.439413070678711
2019-05-01,14.313640594482422
2019-05-02,14.329700469970703
2019-05-03,14.447443008422852
2019-05-06,14.359134674072266
2019-05-07,14.120973587036133
2019-05-08,14.091541290283203
2019-05-09,14.019285202026367
2019-05-10,14.094215393066406
2019-05-13,13.794508934020996
2019-05-14,13.890844345092773
2019-05-15,13.963093757629395
2019-05-16,14.003231048583984
2019-05-17,13.925627708435059
2019-05-20,13.848028182983398
2019-05-21,13.949712753295898
2019-05-22,13.896193504333496
2019-05-23,13.76240062713623
2019-05-24,13.754372596740723
2019-05-28,13.540295600891113
2019-05-29,13.508183479309082
2019-05-30,13.537616729736328
2019-05-31,13.342272758483887
2019-06-03,13.497477531433105
2019-06-04,13.773104667663574
2019-06-05,13.826621055603027
2019-06-06,13.928305625915527
2019-06-07,14.019285202026367
2019-06-10,14.072810173034668
2019-06-11,14.102246284484863
2019-06-12,14.062102317810059
2019-06-13,14.15576171875
2019-06-14,14.107593536376953
2019-06-17,14.070131301879883
2019-06-18,14.198578834533691
2019-06-19,14.228014945983887
2019-06-20,14.369834899902344
2019-06-21,14.353780746459961
2019-06-24,14.302937507629395
2019-06-25,14.222661018371582
2019-06-26,14.222932815551758
2019-06-27,14.26069164276123
2019-06-28,14.314638137817383
2019-07-01,14.433320999145508
2019-07-02,14.427926063537598
2019-07-03,14.54121208190918
2019-07-05,14.498059272766113
2019-07-08,14.441413879394531
2019-07-09,14.379374504089355
2019-07-10,14.419832229614258
2019-07-11,14.462989807128906
2019-07-12,14.584371566772461
2019-07-15,14.605944633483887
2019-07-16,14.597860336303711
2019-07-17,14.481868743896484
2019-07-18,14.530424118041992
2019-07-19,14.498059272766113
2019-07-22,14.489967346191406
2019-07-23,14.646411895751953
2019-07-24,14.792061805725098
2019-07-25,14.77587890625
2019-07-26,14.846006393432617
2019-07-29,14.840616226196289
2019-07-30,14.783970832824707
2019-07-31,14.552003860473633
2019-08-01,14.34430980682373
2019-08-02,14.268782615661621
2019-08-05,13.866884231567383
2019-08-06,13.985566139221191
2019-08-07,14.028722763061523
2019-08-08,14.271483421325684
2019-08-09,14.10694408416748
2019-08-12,13.95859432220459
2019-08-13,14.150099754333496
2019-08-14,13.791359901428223
2019-08-15,13.821029663085938
2019-08-16,14.063787460327148
2019-08-19,14.247207641601562
2019-08-20,14.160892486572266
2019-08-21,14.287667274475098
2019-08-22,14.33082103729248
2019-08-23,13.94780445098877
2019-08-26,14.082669258117676
2019-08-27,14.039512634277344
2019-08-28,14.1878662109375
2019-08-29,14.33082103729248
2019-08-30,14.363192558288574
2019-09-03,14.284971237182617
2019-09-04,14.457597732543945
2019-09-05,14.641010284423828
2019-09-06,14.692261695861816
2019-09-09,14.789365768432617
2019-09-10,14.878376007080078
2019-09-11,14.980877876281738
2019-09-12,15.040216445922852
2019-09-13,15.010544776916504
2019-09-16,14.918832778930664
2019-09-17,14.92423152923584
2019-09-18,14.916139602661133
2019-09-19,14.872980117797852
2019-09-20,14.800152778625488
2019-09-23,14.837919235229492
2019-09-24,14.732726097106934
2019-09-25,14.802395820617676
2019-09-26,14.81328010559082
2019-09-27,14.835053443908691
2019-09-30,14.908535957336426
2019-10-01,14.715304374694824
2019-10-02,14.415935516357422
2019-10-03,14.530241966247559
2019-10-04,14.731634140014648
2019-10-07,14.622772216796875
2019-10-08,14.38871955871582
2019-10-09,14.513909339904785
2019-10-10,14.630936622619629
2019-10-11,14.824163436889648
2019-10-14,14.79150676727295
2019-10-15,14.90036678314209
2019-10-16,14.864988327026367
2019-10-17,14.903090476989746
2019-10-18,14.897647857666016
2019-10-21,15.001065254211426
2019-10-22,15.025559425354004
2019-10-23,15.003786087036133
2019-10-24,14.990179061889648
2019-10-25,15.104482650756836
2019-10-28,15.180684089660645
2019-10-29,15.183404922485352
2019-10-30,15.207902908325195
2019-10-31,15.109926223754883
2019-11-01,15.265054702758789
2019-11-04,15.349420547485352
2019-11-05,15.343972206115723
2019-11-06,15.392964363098145
2019-11-07,15.469170570373535
2019-11-08,15.499107360839844
2019-11-11,15.417458534240723
2019-11-12,15.42017936706543
2019-11-13,15.401129722595215
2019-11-14,15.425622940063477
2019-11-15,15.515434265136719
2019-11-18,15.515434265136719
2019-11-19,15.42017936706543
2019-11-20,15.368467330932617
2019-11-21,15.371191024780273
2019-11-22,15.406571388244629
2019-11-25,15.499107360839844
2019-11-26,15.545369148254395
2019-11-27,15.602522850036621
2019-11-29,15.537201881408691
2019-12-02,15.466445922851562
2019-12-03,15.316763877868652
2019-12-04,15.441956520080566
2019-12-05,15.461003303527832
2019-12-06,15.605243682861328
2019-12-09,15.627012252807617
2019-12-10,15.575310707092285
2019-12-11,15.62429428100586
2019-12-12,15.779594421386719
2019-12-13,15.74392318725586
2019-12-16,15.798799514770508
2019-12-17,15.801545143127441
2019-12-18,15.771364212036133
2019-12-19,15.79605484008789
2019-12-20,15.930502891540527
2019-12-23,15.916779518127441
2019-12-24,15.90580940246582
2019-12-26,15.93598461151123
2019-12-27,15.955195426940918
2019-12-30,15.85641860961914
2019-12-31,15.89209270477295
2020-01-02,15.933247566223145
2020-01-03,15.818013191223145
2020-01-06,15.815264701843262
2020-01-07,15.79331111907959
2020-01-08,15.85367488861084
2020-01-09,15.955195426940918
2020-01-10,15.911293983459473
2020-01-13,16.029279708862305
2020-01-14,16.023792266845703
2020-01-15,16.05122947692871
2020-01-16,16.169212341308594
2020-01-17,16.22957992553711
2020-01-21,16.185678482055664
2020-01-22,16.24603843688965
2020-01-23,16.26524543762207
2020-01-24,16.14451789855957
2020-01-27,15.916779518127441
2020-01-28,16.001842498779297
2020-01-29,15.88934326171875
2020-01-30,15.89758014678955
2020-01-31,15.612222671508789
2020-02-03,15.656121253967285
2020-02-04,15.845444679260254
2020-02-05,16.155492782592773
2020-02-06,16.182933807373047
2020-02-07,16.045745849609375
2020-02-10,16.119827270507812
2020-02-11,16.177448272705078
2020-02-12,16.221343994140625
2020-02-13,16.169212341308594
2020-02-14,16.147262573242188
2020-02-18,16.05122947692871
2020-02-19,16.119827270507812
2020-02-20,16.084157943725586
2020-02-21,15.968911170959473
2020-02-24,15.475029945373535
2020-02-25,15.038764953613281
2020-02-26,14.961939811706543
2020-02-27,14.319892883300781
2020-02-28,14.152518272399902
2020-03-02,14.764385223388672
2020-03-03,14.393976211547852
2020-03-04,15.044258117675781
2020-03-05,14.572320938110352
2020-03-06,14.328125953674316
2020-03-09,13.296457290649414
2020-03-10,13.908323287963867
2020-03-11,13.269017219543457
2020-03-12,11.949249267578125
2020-03-13,13.00012493133545
2020-03-16,11.707796096801758
2020-03-17,12.63794231414795
2020-03-18,12.031562805175781
2020-03-19,11.781877517700195
2020-03-20,11.123364448547363
2020-03-23,10.838008880615234
2020-03-24,11.707796096801758
2020-03-25,11.816476821899414
2020-03-26,12.606644630432129
2020-03-27,12.312756538391113
2020-03-30,12.681504249572754
2020-03-31,12.470788955688477
2020-04-01,12.077095985412598
2020-04-02,12.4153413772583
2020-04-03,12.282262802124023
2020-04-06,12.967072486877441
2020-04-07,12.975391387939453
2020-04-08,13.377405166625977
2020-04-09,13.507712364196777
2020-04-13,13.371861457824707
2020-04-14,13.748922348022461
2020-04-15,13.363544464111328
2020-04-16,13.416221618652344
2020-04-17,13.834868431091309
2020-04-20,13.565937042236328
2020-04-21,13.238777160644531
2020-04-22,13.479987144470215
2020-04-23,13.488309860229492
2020-04-24,13.7267427444458
2020-04-27,13.979043006896973
2020-04-28,14.084394454956055
2020-04-29,14.314519882202148
2020-04-30,14.04280948638916
2020-05-01,13.674065589904785
2020-05-04,13.699016571044922
2020-05-05,13.81269359588623
2020-05-06,13.707335472106934
2020-05-07,13.762782096862793
2020-05-08,14.08717155456543
2020-05-11,14.078852653503418
2020-05-12,13.796055793762207
2020-05-13,13.54930305480957
2020-05-14,13.712882995605469
2020-05-15,13.740607261657715
2020-05-18,14.22024917602539
2020-05-19,13.990131378173828
2020-05-20,14.162028312683105
2020-05-21,14.04280948638916
2020-05-22,14.059443473815918
2020-05-26,14.308971405029297
2020-05-27,14.622265815734863
2020-05-28,14.541868209838867
2020-05-29,14.561270713806152
2020-06-01,14.544636726379395
2020-06-02,14.760895729064941
2020-06-03,14.99932861328125
2020-06-04,15.043693542480469
2020-06-05,15.44293212890625
2020-06-08,15.664731979370117
2020-06-09,15.462337493896484
2020-06-10,15.265490531921387
2020-06-11,14.32837963104248
2020-06-12,14.461463928222656
2020-06-15,14.566817283630371
2020-06-16,14.860705375671387
2020-06-17,14.783073425292969
2020-06-18,14.769213676452637
2020-06-19,14.677721977233887
2020-06-22,14.591765403747559
2020-06-23,14.636129379272461
2020-06-24,14.166971206665039
2020-06-25,14.354301452636719
2020-06-26,13.988032341003418
2020-06-29,14.284398078918457
2020-06-30,14.46893310546875
2020-07-01,14.331933975219727
2020-07-02,14.452157020568848
2020-07-06,14.597546577453613
2020-07-07,14.365482330322266
2020-07-08,14.390649795532227
2020-07-09,14.08309555053711
2020-07-10,14.396239280700684
2020-07-13,14.454954147338867
2020-07-14,14.631095886230469
2020-07-15,14.910689353942871
2020-07-16,14.93864631652832
2020-07-17,14.91628360748291
2020-07-20,14.784873008728027
2020-07-21,15.008550643920898
2020-07-22,15.103606224060059
2020-07-23,15.120383262634277
2020-07-24,15.053281784057617
2020-07-27,15.159523963928223
2020-07-28,15.070060729980469
2020-07-29,15.290936470031738
2020-07-30,15.282547950744629
2020-07-31,15.235018730163574
2020-08-03,15.29932689666748
2020-08-04,15.355241775512695
2020-08-05,15.522997856140137
2020-08-06,15.500632286071777
2020-08-07,15.7243070602417
2020-08-10,15.92561149597168
2020-08-11,16.009492874145508
2020-08-12,16.10175895690918
2020-08-13,15.99551010131836
2020-08-14,16.05702018737793
2020-08-17,15.984329223632812
2020-08-18,15.914429664611816
2020-08-19,15.866901397705078
2020-08-20,15.76904296875
2020-08-21,15.755057334899902
2020-08-24,16.082183837890625
2020-08-25,15.998307228088379
2020-08-26,15.942388534545898
2020-08-27,16.040245056152344
2020-08-28,16.180044174194336
2020-08-31,16.015079498291016
2020-09-01,16.065406799316406
2020-09-02,16.367368698120117
2020-09-03,16.001102447509766
2020-09-04,16.0290584564209
2020-09-08,15.640430450439453
2020-09-09,15.824957847595215
2020-09-10,15.590103149414062
2020-09-11,15.699140548706055
2020-09-14,15.934001922607422
2020-09-15,15.908838272094727
2020-09-16,16.009492874145508
2020-09-17,15.970348358154297
2020-09-18,15.824957847595215
2020-09-21,15.416751861572266
2020-09-22,15.416751861572266
2020-09-23,15.115458488464355
2020-09-24,15.166288375854492
2020-09-25,15.324419021606445
2020-09-28,15.660445213317871
2020-09-29,15.507960319519043
2020-09-30,15.615259170532227
2020-10-01,15.606786727905273
2020-10-02,15.677386283874512
2020-10-05,16.019054412841797
2020-10-06,15.91457748413086
2020-10-07,16.239307403564453
2020-10-08,16.482149124145508
2020-10-09,16.51321029663086
2020-10-12,16.617691040039062
2020-10-13,16.479326248168945
2020-10-14,16.470857620239258
2020-10-15,16.555566787719727
2020-10-16,16.58380699157715
2020-10-19,16.37202262878418
2020-10-20,16.417200088500977
2020-10-21,16.29860496520996
2020-10-22,16.48497200012207
2020-10-23,16.57533073425293
2020-10-26,16.19695281982422
2020-10-27,15.965407371520996
2020-10-28,15.47407341003418
2020-10-29,15.677386283874512
2020-10-30,15.674558639526367
2020-11-02,16.02470588684082
2020-11-03,16.309900283813477
2020-11-04,16.11506462097168
2020-11-05,16.49909210205078
2020-11-06,16.386138916015625
2020-11-09,17.16549301147461
2020-11-10,17.34621238708496
2020-11-11,17.3433895111084
2020-11-12,17.0440731048584
2020-11-13,17.36880111694336
2020-11-16,17.755651473999023
2020-11-17,17.71894073486328
2020-11-18,17.5354061126709
2020-11-19,17.589048385620117
2020-11-20,17.467628479003906
2020-11-23,17.74717903137207
2020-11-24,18.187686920166016
2020-11-25,18.018260955810547
2020-11-27,17.981552124023438
2020-11-30,17.73871421813965
2020-12-01,17.97025489807129
2020-12-02,18.052143096923828
2020-12-03,18.091676712036133
2020-12-04,18.388174057006836
2020-12-07,18.26675033569336
2020-12-08,18.382526397705078
2020-12-09,18.39946746826172
2020-12-10,18.314529418945312
2020-12-11,18.21193504333496
2020-12-14,17.97822380065918
2020-12-15,18.217636108398438
2020-12-16,18.237581253051758
2020-12-17,18.277484893798828
2020-12-18,18.223331451416016
2020-12-21,18.097929000854492
2020-12-22,17.9981746673584
2020-12-23,18.160629272460938
2020-12-24,18.191980361938477
2020-12-28,18.20053482055664
2020-12-29,18.095077514648438
2020-12-30,18.174882888793945
2020-12-31,18.280330657958984
2021-01-04,18.020978927612305
2021-01-05,18.166330337524414
2021-01-06,18.667938232421875
2021-01-07,18.793346405029297
2021-01-08,18.736345291137695
2021-01-11,18.813291549682617
2021-01-12,18.981449127197266
2021-01-13,18.910198211669922
2021-01-14,19.001399993896484
2021-01-15,18.773393630981445
2021-01-19,18.895950317382812
2021-01-20,18.92159652709961
2021-01-21,18.870298385620117
2021-01-22,18.73064422607422
2021-01-25,18.764846801757812
2021-01-26,18.742042541503906
2021-01-27,18.382936477661133
2021-01-28,18.51974105834961
2021-01-29,18.115034103393555
2021-02-01,18.305986404418945
2021-02-02,18.502635955810547
2021-02-03,18.573888778686523
2021-02-04,18.73064422607422
2021-02-05,18.81899642944336
2021-02-08,19.044153213500977
2021-02-09,19.064102172851562
2021-02-10,19.078351974487305
2021-02-11,19.009950637817383
2021-02-12,19.101154327392578
2021-02-16,19.20090103149414
2021-02-17,19.2265567779541
2021-02-18,19.1610050201416
2021-02-19,19.320606231689453
2021-02-22,19.483060836791992
2021-02-23,19.528661727905273
2021-02-24,19.864971160888672
2021-02-25,19.463111877441406
2021-02-26,19.212305068969727
2021-03-01,19.693965911865234
2021-03-02,19.622718811035156
2021-03-03,19.674015045166016
2021-03-04,19.47736167907715
2021-03-05,19.99892234802246
2021-03-08,20.263980865478516
2021-03-09,20.149978637695312
2021-03-10,20.483436584472656
2021-03-11,20.486286163330078
2021-03-12,20.6772403717041
2021-03-15,20.700040817260742
2021-03-16,20.529033660888672
2021-03-17,20.620237350463867
2021-03-18,20.59173583984375
2021-03-19,20.514785766601562
2021-03-22,20.586040496826172
2021-03-23,20.358030319213867
2021-03-24,20.399078369140625
2021-03-25,20.666013717651367
2021-03-26,21.14535140991211
2021-03-29,21.108034133911133
2021-03-30,21.010446548461914
2021-03-31,20.93008041381836
2021-04-01,21.044891357421875
2021-04-05,21.311824798583984
2021-04-06,21.23433494567871
2021-04-07,21.18553352355957
2021-04-08,21.19414520263672
2021-04-09,21.314693450927734
2021-04-12,21.372102737426758
2021-04-13,21.25154685974121
2021-04-14,21.30608367919922
2021-04-15,21.403671264648438
2021-04-16,21.58163070678711
2021-04-19,21.48404312133789
2021-04-20,21.354881286621094
2021-04-21,21.59598159790039
2021-04-22,21.32330894470215
2021-04-23,21.51561737060547
2021-04-26,21.475433349609375
2021-04-27,21.449600219726562
2021-04-28,21.320436477661133
2021-04-29,21.501262664794922
2021-04-30,21.392192840576172
2021-05-03,21.610332489013672
2021-05-04,21.742366790771484
2021-05-05,21.84857177734375
2021-05-06,22.124114990234375
2021-05-07,22.218835830688477
2021-05-10,22.241796493530273
2021-05-11,22.012174606323242
2021-05-12,21.621816635131836
2021-05-13,22.003564834594727
2021-05-14,22.204483032226562
2021-05-17,22.218835830688477
2021-05-18,21.974863052368164
2021-05-19,21.88588523864746
2021-05-20,22.015045166015625
2021-05-21,22.04660987854004
2021-05-24,22.11550521850586
2021-05-25,21.96050453186035
2021-05-26,21.9576358795166
2021-05-27,22.043746948242188
2021-05-28,22.0810604095459
2021-06-01,22.095415115356445
2021-06-02,22.16143035888672
2021-06-03,22.147077560424805
2021-06-04,22.287721633911133
2021-06-07,22.190134048461914
2021-06-08,22.16716766357422
2021-06-09,22.098283767700195
2021-06-10,22.16143035888672
2021-06-11,22.195871353149414
2021-06-14,22.086803436279297
2021-06-15,22.07532501220703
2021-06-16,21.90884780883789
2021-06-17,21.618946075439453
2021-06-18,21.23145866394043
2021-06-21,21.616077423095703
2021-06-22,21.6447811126709
2021-06-23,21.54648208618164
2021-06-24,21.6910343170166
2021-06-25,21.832693099975586
2021-06-28,21.76909065246582
2021-06-29,21.745962142944336
2021-06-30,21.861600875854492
2021-07-01,21.962785720825195
2021-07-02,21.991695404052734
2021-07-06,21.757526397705078
2021-07-07,21.85582160949707
2021-07-08,21.65923500061035
2021-07-09,21.980131149291992
2021-07-12,22.032167434692383
2021-07-13,21.91364288330078
2021-07-14,21.939659118652344
2021-07-15,21.983020782470703
2021-07-16,21.812456130981445
2021-07-19,21.459754943847656
2021-07-20,21.745962142944336
2021-07-21,21.91364288330078
2021-07-22,21.745962142944336
2021-07-23,21.916532516479492
2021-07-26,21.97145652770996
2021-07-27,21.95411491394043
2021-07-28,21.925207138061523
2021-07-29,22.061080932617188
2021-07-30,22.00326156616211
2021-08-02,21.96567726135254
2021-08-03,22.222976684570312
2021-08-04,21.942548751831055
2021-08-05,22.0639705657959
2021-08-06,22.13335418701172
2021-08-09,22.116004943847656
2021-08-10,22.315486907958984
2021-08-11,22.43401527404785
2021-08-12,22.454254150390625
2021-08-13,22.500507354736328
2021-08-16,22.587234497070312
2021-08-17,22.43401527404785
2021-08-18,22.113117218017578
2021-08-19,22.116004943847656
2021-08-20,22.2374324798584
2021-08-23,22.376195907592773
2021-08-24,22.358854293823242
2021-08-25,22.40221405029297
2021-08-26,22.28946876525879
2021-08-27,22.474485397338867
2021-08-30,22.44557762145996
2021-08-31,22.462923049926758
2021-09-01,22.358854293823242
2021-09-02,22.500507354736328
2021-09-03,22.488941192626953
2021-09-07,22.19117546081543
2021-09-08,22.202739715576172
2021-09-09,22.08420753479004
2021-09-10,21.980131149291992
2021-09-13,22.087099075317383
2021-09-14,21.933881759643555
2021-09-15,22.130462646484375
2021-09-16,21.983020782470703
2021-09-17,21.84136199951172
2021-09-20,21.537811279296875
2021-09-21,21.459754943847656
2021-09-22,21.64829444885254
2021-09-23,21.939697265625
2021-09-24,21.98340606689453
2021-09-27,22.12619400024414
2021-09-28,21.86393165588379
2021-09-29,21.96883201599121
2021-09-30,21.633724212646484
2021-10-01,21.92221450805664
2021-10-04,21.834793090820312
2021-10-05,21.96592140197754
2021-10-06,22.000886917114258
2021-10-07,22.166990280151367
2021-10-08,22.161163330078125
2021-10-11,22.053342819213867
2021-10-12,21.94552230834961
2021-10-13,22.000886917114258
2021-10-14,22.33892059326172
2021-10-15,22.4379940032959
2021-10-18,22.365140914916992
2021-10-19,22.56330108642578
2021-10-20,22.78185272216797
2021-10-21,22.66819953918457
2021-10-22,22.729394912719727
2021-10-25,22.784761428833008
2021-10-26,22.723569869995117
2021-10-27,22.411767959594727
2021-10-28,22.595346450805664
2021-10-29,22.58660888671875
2021-11-01,22.636150360107422
2021-11-02,22.790592193603516
2021-11-03,22.924638748168945
2021-11-04,22.8488712310791
2021-11-05,22.988744735717773
2021-11-08,22.97125816345215
2021-11-09,22.92755126953125
2021-11-10,22.956687927246094
2021-11-11,22.99749183654785
2021-11-12,23.061594009399414
2021-11-15,23.076168060302734
2021-11-16,23.102392196655273
2021-11-17,23.012056350708008
2021-11-18,22.921720504760742
2021-11-19,22.77602195739746
2021-11-22,22.883838653564453
2021-11-23,23.012056350708008
2021-11-24,22.942119598388672
2021-11-26,22.522499084472656
2021-11-29,22.598268508911133
2021-11-30,22.123281478881836
2021-12-01,22.02128791809082
2021-12-02,22.350574493408203
2021-12-03,22.391366958618164
2021-12-06,22.61284065246582
2021-12-07,22.85470199584961
2021-12-08,22.801830291748047
2021-12-09,22.751895904541016
2021-12-10,22.992753982543945
2021-12-13,22.916379928588867
2021-12-14,22.901691436767578
2021-12-15,23.201297760009766
2021-12-16,23.36871910095215
2021-12-17,23.08968162536621
2021-12-20,22.93694496154785
2021-12-21,23.119049072265625
2021-12-22,23.248289108276367
2021-12-23,23.38046646118164
2021-12-27,23.656570434570312
2021-12-28,23.703563690185547
2021-12-29,23.750558853149414
2021-12-30,23.70650291442871
2021-12-31,23.74174690246582
2022-01-03,23.73587417602539
2022-01-04,24.02372169494629
2022-01-05,23.870990753173828
2022-01-06,23.941478729248047
2022-01-07,23.982603073120117
2022-01-10,23.982603073120117
2022-01-11,24.067781448364258
2022-01-12,24.056032180786133
2022-01-13,24.02372169494629
2022-01-14,24.00023078918457
2022-01-18,23.7211856842041
2022-01-19,23.448026657104492
2022-01-20,23.119049072265625
2022-01-21,22.810640335083008
2022-01-24,22.904630661010742
2022-01-25,22.919322967529297
2022-01-26,22.737211227416992
2022-01-27,22.646154403686523
2022-01-28,22.931066513061523
2022-01-31,23.09261703491211
2022-02-01,23.230669021606445
2022-02-02,23.418649673461914
2022-02-03,23.160173416137695
2022-02-04,23.069116592407227
2022-02-07,23.12786293029785
2022-02-08,23.315845489501953
2022-02-09,23.424524307250977
2022-02-10,23.030933380126953
2022-02-11,22.87232208251953
2022-02-14,22.69608497619629
2022-02-15,22.922252655029297
2022-02-16,22.951629638671875
2022-02-17,22.69608497619629
2022-02-18,22.716650009155273
2022-02-22,22.51104164123535
2022-02-23,22.22612953186035
2022-02-24,22.070453643798828
2022-02-25,22.740148544311523
2022-02-28,22.646154403686523
2022-03-01,22.243755340576172
2022-03-02,22.76364517211914
2022-03-03,22.84882164001465
2022-03-04,22.804765701293945
2022-03-07,22.39942741394043
2022-03-08,22.170324325561523
2022-03-09,22.51104164123535
2022-03-10,22.361242294311523
2022-03-11,22.234943389892578
2022-03-14,22.361242294311523
2022-03-15,22.65203094482422
2022-03-16,22.881134033203125
2022-03-17,23.083805084228516
2022-03-18,23.13373374938965
2022-03-21,23.171924591064453
2022-03-22,23.333467483520508
2022-03-23,23.04905128479004
2022-03-24,23.267837524414062
2022-03-25,23.49253273010254
2022-03-28,23.445222854614258
2022-03-29,23.669921875
2022-03-30,23.607833862304688
2022-03-31,23.324010848999023
2022-04-01,23.424530029296875
2022-04-04,23.457050323486328
2022-04-05,23.318099975585938
2022-04-06,23.347658157348633
2022-04-07,23.442272186279297
2022-04-08,23.49253273010254
2022-04-11,23.32696533203125
2022-04-12,23.25896644592285
2022-04-13,23.400876998901367
2022-04-14,23.267837524414062
2022-04-18,23.229398727416992
2022-04-19,23.48366355895996
2022-04-20,23.723140716552734
2022-04-21,23.519136428833008
2022-04-22,22.98992347717285
2022-04-25,23.037227630615234
2022-04-26,22.644010543823242
2022-04-27,22.679485321044922
2022-04-28,23.001747131347656
2022-04-29,22.36313819885254
2022-05-02,22.44887924194336
2022-05-03,22.61739730834961
2022-05-04,23.300357818603516
2022-05-05,22.720882415771484
2022-05-06,22.774097442626953
2022-05-09,22.46661949157715
2022-05-10,22.354270935058594
2022-05-11,22.1768798828125
2022-05-12,22.30992317199707
2022-05-13,22.558269500732422
2022-05-16,22.63513946533203
2022-05-17,23.04609489440918
2022-05-18,22.327659606933594
2022-05-19,21.996530532836914
2022-05-20,22.094099044799805
2022-05-23,22.37200927734375
2022-05-24,22.502094268798828
2022-05-25,22.72679328918457
2022-05-26,23.034269332885742
2022-05-27,23.392009735107422
2022-05-31,23.235315322875977
2022-06-01,23.04018211364746
2022-06-02,23.235315322875977
2022-06-03,23.075658798217773
2022-06-06,23.099313735961914
2022-06-07,23.32105255126953
2022-06-08,22.969226837158203
2022-06-09,22.549402236938477
2022-06-10,22.08522605895996
2022-06-13,21.45844268798828
2022-06-14,21.331310272216797
2022-06-15,21.402267456054688
2022-06-16,20.87009620666504
2022-06-17,20.787309646606445
2022-06-21,21.278095245361328
2022-06-22,21.1688175201416
2022-06-23,21.231517791748047
2022-06-24,21.79880714416504
2022-06-27,21.801790237426758
2022-06-28,21.574872970581055
2022-06-29,21.452463150024414
2022-06-30,21.38677406311035
2022-07-01,21.548002243041992
2022-07-05,21.392745971679688
2022-07-06,21.44947624206543
2022-07-07,21.68833351135254
2022-07-08,21.646535873413086
2022-07-11,21.527101516723633
2022-07-12,21.440519332885742
2022-07-13,21.28227424621582
2022-07-14,21.13597297668457
2022-07-15,21.440519332885742
2022-07-18,21.2733211517334
2022-07-19,21.6763916015625
2022-07-20,21.625633239746094
2022-07-21,21.6435489654541
2022-07-22,21.550987243652344
2022-07-25,21.652503967285156
2022-07-26,21.58980369567871
2022-07-27,21.897336959838867
2022-07-28,22.043638229370117
2022-07-29,22.222782135009766
2022-08-01,22.243677139282227
2022-08-02,22.043638229370117
2022-08-03,22.27353286743164
2022-08-04,22.213817596435547
2022-08-05,22.27652359008789
2022-08-08,22.300411224365234
2022-08-09,22.291454315185547
2022-08-10,22.67660903930664
2022-08-11,22.718408584594727
2022-08-12,23.061769485473633
2022-08-15,23.109539031982422
2022-08-16,23.24987030029297
2022-08-17,23.100584030151367
2022-08-18,23.24091148376465
2022-08-19,23.05878448486328
2022-08-22,22.631824493408203
2022-08-23,22.587038040161133
2022-08-24,22.59600067138672
2022-08-25,22.8467960357666
2022-08-26,22.175006866455078
2022-08-29,22.031694412231445
2022-08-30,21.79880714416504
2022-08-31,21.616676330566406
2022-09-01,21.703262329101562
2022-09-02,21.506206512451172
2022-09-06,21.431560516357422
2022-09-07,21.74506378173828
2022-09-08,21.91823387145996
2022-09-09,22.175006866455078
2022-09-12,22.264577865600586
2022-09-13,21.407672882080078
2022-09-14,21.425588607788086
2022-09-15,21.255403518676758
2022-09-16,21.255403518676758
2022-09-19,21.425588607788086
2022-09-20,21.201662063598633
2022-09-21,20.911529541015625
2022-09-22,20.842239379882812
2022-09-23,20.507822036743164
2022-09-26,20.28186798095703
2022-09-27,20.1884708404541
2022-09-28,20.568078994750977
2022-09-29,20.254751205444336
2022-09-30,20.013731002807617
2022-10-03,20.550004959106445
2022-10-04,21.086273193359375
2022-10-05,21.050119400024414
2022-10-06,20.778968811035156
2022-10-07,20.363210678100586
2022-10-10,20.29693031311035
2022-10-11,20.251739501953125
2022-10-12,20.23366355895996
2022-10-13,20.82717514038086
2022-10-14,20.46865463256836
2022-10-17,20.80608558654785
2022-10-18,21.086273193359375
2022-10-19,20.854290008544922
2022-10-20,20.646408081054688
2022-10-21,21.11941146850586
2022-10-24,21.496007919311523
2022-10-25,21.709911346435547
2022-10-26,21.806320190429688
2022-10-27,21.84849739074707
2022-10-28,22.35464096069336
2022-10-31,22.258230209350586
2022-11-01,22.31547737121582
2022-11-02,21.908754348754883
2022-11-03,21.734010696411133
2022-11-04,22.13471031188965
2022-11-07,22.366695404052734
2022-11-08,22.61072540283203
2022-11-09,22.225093841552734
2022-11-10,23.11385726928711
2022-11-11,23.174110412597656
2022-11-14,23.038537979125977
2022-11-15,23.116867065429688
2022-11-16,22.948152542114258
2022-11-17,23.029497146606445
2022-11-18,23.18013572692871
2022-11-21,23.243406295776367
2022-11-22,23.58685874938965
2022-11-23,23.577817916870117
2022-11-25,23.632049560546875
2022-11-28,23.294620513916016
2022-11-29,23.363916397094727
2022-11-30,23.779674530029297
2022-12-01,23.818836212158203
2022-12-02,23.803775787353516
2022-12-05,23.39404296875
2022-12-06,23.11385726928711
2022-12-07,23.117807388305664
2022-12-08,23.25767707824707
2022-12-09,23.111724853515625
2022-12-12,23.403627395629883
2022-12-13,23.51917266845703
2022-12-14,23.421871185302734
2022-12-15,22.950572967529297
2022-12-16,22.752933502197266
2022-12-19,22.67691993713379
2022-12-20,22.71036720275879
2022-12-21,23.029632568359375
2022-12-22,22.831993103027344
2022-12-23,22.984020233154297
2022-12-27,23.063077926635742
2022-12-28,22.78030014038086
2022-12-29,23.038753509521484
2022-12-30,22.96881866455078
2023-01-03,22.938413619995117
2023-01-04,23.166460037231445
2023-01-05,23.029632568359375
2023-01-06,23.60430908203125
2023-01-09,23.434032440185547
2023-01-10,23.552616119384766
2023-01-11,23.64079475402832
2023-01-12,23.680320739746094
2023-01-13,23.70160675048828
2023-01-17,23.46443748474121
2023-01-18,23.01442527770996
2023-01-19,22.81678581237793
2023-01-20,23.090442657470703
2023-01-23,23.27288055419922
2023-01-24,23.254640579223633
2023-01-25,23.25767707824707
2023-01-26,23.254640579223633
2023-01-27,23.218149185180664
2023-01-30,23.123889923095703
2023-01-31,23.446197509765625
2023-02-01,23.5556583404541
2023-02-02,23.72593116760254
2023-02-03,23.537416458129883
2023-02-06,23.415786743164062
2023-02-07,23.537416458129883
2023-02-08,23.339771270751953
2023-02-09,23.13909339904785
2023-02-10,23.3519344329834
2023-02-13,23.610389709472656
2023-02-14,23.455318450927734
2023-02-15,23.50092315673828
2023-02-16,23.336734771728516
2023-02-17,23.385385513305664
2023-02-21,22.941452026367188
2023-02-22,22.847192764282227
2023-02-23,22.917125701904297
2023-02-24,22.762056350708008
2023-02-27,22.76509666442871
2023-02-28,22.667797088623047
2023-03-01,22.658674240112305
2023-03-02,22.740772247314453
2023-03-03,22.977943420410156
2023-03-06,22.96881866455078
2023-03-07,22.603944778442383
2023-03-08,22.57353973388672
2023-03-09,22.147851943969727
2023-03-10,21.880279541015625
2023-03-13,21.56709861755371
2023-03-14,21.758649826049805
2023-03-15,21.57925796508789
2023-03-16,21.7860164642334
2023-03-17,21.43938636779785
2023-03-20,21.761695861816406
2023-03-21,21.992780685424805
2023-03-22,21.56569480895996
2023-03-23,21.547300338745117
2023-03-24,21.718996047973633
2023-03-27,21.810972213745117
2023-03-28,21.844697952270508
2023-03-29,22.102231979370117
2023-03-30,22.166616439819336
2023-03-31,22.43028450012207
2023-04-03,22.55292320251465
2023-04-04,22.335243225097656
2023-04-05,22.387365341186523
2023-04-06,22.368967056274414
2023-04-10,22.45174789428711
2023-04-11,22.546791076660156
2023-04-12,22.45174789428711
2023-04-13,22.608108520507812
2023-04-14,22.559057235717773
2023-04-17,22.66329574584961
2023-04-18,22.669429779052734
2023-04-19,22.617307662963867
2023-04-20,22.476274490356445
2023-04-21,22.43028450012207
2023-04-24,22.476274490356445
2023-04-25,22.12369728088379
2023-04-26,21.795642852783203
2023-04-27,22.019454956054688
2023-04-28,22.249399185180664
2023-05-01,22.267789840698242
2023-05-02,21.801773071289062
2023-05-03,21.608619689941406
2023-05-04,21.40627098083496
2023-05-05,21.764982223510742
2023-05-08,21.65154457092285
2023-05-09,21.571826934814453
2023-05-10,21.52890396118164
2023-05-11,21.433862686157227
2023-05-12,21.47678565979004
2023-05-15,21.52277374267578
2023-05-16,21.210050582885742
2023-05-17,21.513572692871094
2023-05-18,21.62088394165039
2023-05-19,21.64234733581543
2023-05-22,21.64541244506836
2023-05-23,21.639280319213867
2023-05-24,21.433862686157227
2023-05-25,21.3510799407959
2023-05-26,21.593292236328125
2023-05-30,21.513572692871094
2023-05-31,21.335750579833984
2023-06-01,21.421600341796875
2023-06-02,21.841630935668945
2023-06-05,21.703664779663086
2023-06-06,21.764982223510742
2023-06-07,22.013320922851562
2023-06-08,22.047046661376953
2023-06-09,21.991857528686523
2023-06-12,22.114498138427734
2023-06-13,22.252460479736328
2023-06-14,22.203407287597656
2023-06-15,22.49160385131836
2023-06-16,22.485475540161133
2023-06-20,22.270858764648438
2023-06-21,22.19504737854004
2023-06-22,22.09912872314453
2023-06-23,21.879432678222656
2023-06-26,21.990829467773438
2023-06-27,22.17957878112793
2023-06-28,22.13007164001465
2023-06-29,22.281686782836914
2023-06-30,22.470439910888672
2023-07-03,22.603492736816406
2023-07-05,22.50447654724121
2023-07-06,22.260028839111328
2023-07-07,22.219806671142578
2023-07-10,22.396177291870117
2023-07-11,22.656097412109375
2023-07-12,22.724164962768555
2023-07-13,22.829374313354492
2023-07-14,22.70560073852539
2023-07-17,22.64681053161621
2023-07-18,22.829374313354492
2023-07-19,23.052154541015625
2023-07-20,23.14498519897461
2023-07-21,23.197586059570312
2023-07-24,23.33373260498047
2023-07-25,23.308979034423828
2023-07-26,23.35230255126953
2023-07-27,23.256376266479492
2023-07-28,23.40180778503418
2023-07-31,23.41109275817871
2023-08-01,23.305885314941406
2023-08-02,23.064537048339844
2023-08-03,23.03978157043457
2023-08-04,22.946950912475586
2023-08-07,23.1480770111084
2023-08-08,23.064537048339844
2023-08-09,23.0057430267334
2023-08-10,23.008838653564453
2023-08-11,23.073814392089844
2023-08-14,23.03668785095215
2023-08-15,22.76439094543457
2023-08-16,22.671566009521484
2023-08-17,22.70560073852539
2023-08-18,22.761295318603516
2023-08-21,22.748920440673828
2023-08-22,22.575641632080078
2023-08-23,22.767484664916992
2023-08-24,22.591114044189453
2023-08-25,22.693225860595703
2023-08-28,22.823183059692383
2023-08-29,23.03978157043457
2023-08-30,23.080005645751953
2023-08-31,23.061437606811523
2023-09-01,23.10475730895996
2023-09-05,22.900541305541992
2023-09-06,22.721073150634766
2023-09-07,22.70560073852539
2023-09-08,22.795331954956055
2023-09-11,22.829374313354492
2023-09-12,22.823183059692383
2023-09-13,22.758203506469727
2023-09-14,23.002653121948242
2023-09-15,22.782958984375
2023-09-18,22.779865264892578
2023-09-19,22.721073150634766
2023-09-20,22.62897300720215
2023-09-21,22.301151275634766
2023-09-22,22.2574405670166
2023-09-25,22.316761016845703
2023-09-26,22.05138397216797
2023-09-27,22.05450439453125
2023-09-28,22.17002296447754
2023-09-29,22.091970443725586
2023-10-02,21.910888671875
2023-10-03,21.673608779907227
2023-10-04,21.682973861694336
2023-10-05,21.60804557800293
2023-10-06,21.739171981811523
2023-10-09,21.979576110839844
2023-10-10,22.08884620666504
2023-10-11,22.12318992614746
2023-10-12,22.001428604125977
2023-10-13,21.954601287841797
2023-10-16,22.213735580444336
2023-10-17,22.301151275634766
2023-10-18,22.048261642456055
2023-10-19,21.848447799682617
2023-10-20,21.633018493652344
2023-10-23,21.464431762695312
2023-10-24,21.62989616394043
2023-10-25,21.398862838745117
2023-10-26,21.286468505859375
2023-10-27,20.886838912963867
2023-10-30,21.133487701416016
2023-10-31,21.24900245666504
2023-11-01,21.277101516723633
2023-11-02,21.75166130065918
2023-11-03,21.9327449798584
2023-11-06,21.83595848083496
2023-11-07,21.761024475097656
2023-11-08,21.720441818237305
2023-11-09,21.470672607421875
2023-11-10,21.679853439331055
2023-11-13,21.62677764892578
2023-11-14,22.104455947875977
2023-11-15,22.273052215576172
2023-11-16,22.0950927734375
2023-11-17,22.21061134338379
2023-11-20,22.319883346557617
2023-11-21,22.260562896728516
2023-11-22,22.332372665405273
2023-11-24,22.416667938232422
2023-11-27,22.304275512695312
2023-11-28,22.335493087768555
2023-11-29,22.426034927368164
2023-11-30,22.588382720947266
2023-12-01,22.838151931762695
2023-12-04,22.928691864013672
2023-12-05,22.79444122314453
2023-12-06,22.750911712646484
2023-12-07,22.836076736450195
2023-12-08,22.873924255371094
2023-12-11,23.094715118408203
2023-12-12,23.107332229614258
2023-12-13,23.488985061645508
2023-12-14,23.87379264831543
2023-12-15,23.798093795776367
2023-12-18,23.829635620117188
2023-12-19,23.962108612060547
2023-12-20,23.6025333404541
2023-12-21,23.77916717529297
2023-12-22,23.924259185791016
2023-12-26,24.04096221923828
2023-12-27,24.059886932373047
2023-12-28,24.0725040435791
2023-12-29,24.012575149536133
2024-01-02,24.189210891723633
2024-01-03,24.037809371948242
2024-01-04,24.00942039489746
2024-01-05,24.088274002075195
2024-01-08,24.230213165283203
2024-01-09,24.10089111328125
2024-01-10,24.088274002075195
2024-01-11,23.990493774414062
2024-01-12,24.056730270385742
2024-01-16,23.880102157592773
2024-01-17,23.735010147094727
2024-01-18,23.8769474029541
2024-01-19,24.157669067382812
2024-01-22,24.26175308227539
2024-01-23,24.268062591552734
2024-01-24,24.097740173339844
2024-01-25,24.309066772460938
2024-01-26,24.29329490661621
2024-01-29,24.39107322692871
2024-01-30,24.346914291381836
2024-01-31,24.047271728515625
2024-02-01,24.299606323242188
2024-02-02,24.2869873046875
2024-02-05,24.091426849365234
2024-02-06,24.208133697509766
2024-02-07,24.245983123779297
2024-02-08,24.309066772460938
2024-02-09,24.220748901367188
2024-02-12,24.36899185180664
2024-02-13,23.99680519104004
2024-02-14,24.091426849365234
2024-02-15,24.362688064575195
2024-02-16,24.280677795410156
2024-02-20,24.27752685546875
2024-02-21,24.375303268432617
2024-02-22,24.53931999206543
2024-02-23,24.567707061767578
2024-02-26,24.435232162475586
2024-02-27,24.457311630249023
2024-02-28,24.42261505126953
2024-02-29,24.48885154724121
2024-03-01,24.649715423583984
2024-03-04,24.725414276123047
2024-03-05,24.6402530670166
2024-03-06,24.722259521484375
2024-03-07,24.84211540222168
2024-03-08,24.73802947998047
2024-03-11,24.87996482849121
2024-03-12,24.924123764038086
2024-03-13,24.99982452392578
2024-03-14,24.864194869995117
2024-03-15,24.779033660888672
2024-03-18,24.829500198364258
2024-03-19,24.939895629882812
2024-03-20,25.188156127929688
2024-03-21,25.388412475585938
2024-03-22,25.232656478881836
2024-03-25,25.239015579223633
2024-03-26,25.07054328918457
2024-03-27,25.502845764160156
2024-03-28,25.6299991607666
2024-04-01,25.474239349365234
2024-04-02,25.343914031982422
2024-04-03,25.280338287353516
2024-04-04,25.02604103088379
2024-04-05,25.115041732788086
2024-04-08,25.143653869628906
2024-04-09,25.286693572998047
2024-04-10,24.835315704345703
2024-04-11,24.77174186706543
2024-04-12,24.415725708007812
2024-04-15,24.291757583618164
2024-04-16,24.13599967956543
2024-04-17,24.097854614257812
2024-04-18,24.097854614257812
2024-04-19,24.3648681640625
2024-04-22,24.552413940429688
2024-04-23,24.720882415771484
2024-04-24,24.835315704345703
2024-04-25,24.65412712097168
2024-04-26,24.62870216369629
2024-04-29,24.768566131591797
2024-04-30,24.472942352294922
2024-05-01,24.4411563873291
2024-05-02,24.56194496154785
2024-05-03,24.78445816040039
2024-05-06,24.835315704345703
2024-05-07,24.873462677001953
2024-05-08,24.95610809326172
2024-05-09,25.162723541259766
2024-05-10,25.20722770690918
2024-05-13,25.289873123168945
2024-05-14,25.33119773864746
2024-05-15,25.477418899536133
2024-05-16,25.429738998413086
2024-05-17,25.455167770385742
2024-05-20,25.328018188476562
2024-05-21,25.258087158203125
2024-05-22,25.17544174194336
2024-05-23,24.787639617919922
2024-05-24,24.825780868530273
2024-05-28,24.615985870361328
2024-05-29,24.291757583618164
2024-05-30,24.523805618286133
2024-05-31,24.975181579589844
2024-06-03,24.838497161865234
2024-06-04,24.851211547851562
2024-06-05,24.8416748046875
2024-06-06,24.81942367553711
2024-06-07,24.7590274810791
2024-06-10,24.720882415771484
2024-06-11,24.63505744934082
2024-06-12,24.615985870361328
2024-06-13,24.511085510253906
2024-06-14,24.40936851501465
2024-06-17,24.571483612060547
2024-06-18,24.6795597076416
2024-06-20,24.813064575195312
2024-06-21,24.83213996887207
2024-06-24,25.178617477416992
2024-06-25,24.97835922241211
2024-06-26,24.873634338378906
2024-06-27,24.822235107421875
2024-06-28,24.979646682739258
2024-07-01,24.867210388183594
2024-07-02,24.88006019592285
2024-07-03,24.793325424194336
2024-07-05,24.741926193237305
2024-07-08,24.76441192626953
2024-07-09,24.770837783813477
2024-07-10,25.014982223510742
2024-07-11,25.320158004760742
2024-07-12,25.583576202392578
2024-07-15,25.676734924316406
2024-07-16,26.10398292541504
2024-07-17,26.444499969482422
2024-07-18,26.21641731262207
2024-07-19,26.05579948425293
2024-07-22,26.078285217285156
2024-07-23,25.85342025756836
2024-07-24,25.924091339111328
2024-07-25,26.078285217285156
2024-07-26,26.492687225341797
2024-07-29,26.389888763427734
2024-07-30,26.598695755004883
2024-07-31,26.52802276611328
2024-08-01,26.264602661132812
2024-08-02,25.956214904785156
2024-08-05,25.371557235717773
2024-08-06,25.500051498413086
2024-08-07,25.3426456451416
2024-08-08,25.769895553588867
2024-08-09,25.75383186340332
2024-08-12,25.63176155090332
2024-08-13,25.904815673828125
2024-08-14,25.936941146850586
2024-08-15,26.20999526977539
2024-08-16,26.328853607177734
2024-08-19,26.483049392700195
2024-08-20,26.412376403808594
2024-08-21,26.524808883666992
2024-08-22,26.450923919677734
2024-08-23,26.829988479614258
2024-08-26,26.862112045288086
2024-08-27,26.817138671875
2024-08-28,26.823564529418945
2024-08-29,26.939208984375
2024-08-30,27.154441833496094
2024-09-03,26.913509368896484
2024-09-04,26.823564529418945
2024-09-05,26.56978416442871
2024-09-06,26.341703414916992
2024-09-09,26.659730911254883
2024-09-10,26.68221664428711
2024-09-11,26.51838493347168
2024-09-12,26.544082641601562
2024-09-13,26.77859115600586
2024-09-16,27.032367706298828
2024-09-17,27.01309585571289
2024-09-18,27.029155731201172
2024-09-19,27.26366424560547
2024-09-20,27.138376235961914
2024-09-23,27.28293800354004
2024-09-24,27.324695587158203
2024-09-25,27.021650314331055
2024-09-26,27.141572952270508
2024-09-27,27.31011199951172
2024-09-30,27.397624969482422
2024-10-01,27.381418228149414
2024-10-02,27.400867462158203
2024-10-03,27.329559326171875
2024-10-04,27.436519622802734
2024-10-07,27.323076248168945
2024-10-08,27.277700424194336
2024-10-09,27.533754348754883
2024-10-10,27.426795959472656
2024-10-11,27.750911712646484
2024-10-14,27.896764755249023
2024-10-15,27.78008270263672
2024-10-16,28.00372314453125
2024-10-17,28.013446807861328
2024-10-18,28.013446807861328
2024-10-21,27.682846069335938
2024-10-22,27.54671859741211
2024-10-23,27.49810218811035
2024-10-24,27.54671859741211
2024-10-25,27.371694564819336
2024-10-28,27.53699493408203
2024-10-29,27.3133544921875
2024-10-30,27.400867462158203
2024-10-31,27.449481964111328
2024-11-01,27.323076248168945
2024-11-04,27.35224723815918
2024-11-05,27.595335006713867
2024-11-06,28.23708724975586
2024-11-07,28.110681533813477
2024-11-08,28.275981903076172
2024-11-11,28.353771209716797
2024-11-12,28.110681533813477
2024-11-13,28.207916259765625
2024-11-14,28.081510543823242
2024-11-15,27.838424682617188
2024-11-18,27.994001388549805
2024-11-19,27.848148345947266
2024-11-20,27.91621208190918
2024-11-21,28.17874526977539
2024-11-22,28.538516998291016
2024-11-25,28.694093704223633
2024-11-26,28.635751724243164
2024-11-27,28.626028060913086
2024-11-29,28.713542938232422
2024-12-02,28.528793334960938
2024-12-03,28.373218536376953
2024-12-04,28.139854431152344
2024-12-05,28.14957618713379
2024-12-06,28.023170471191406
2024-12-09,27.994001388549805
2024-12-10,27.887042999267578
2024-12-11,27.725109100341797
2024-12-12,27.67603874206543
2024-12-13,27.607336044311523
2024-12-16,27.352169036865234
2024-12-17,27.293283462524414
2024-12-18,26.576847076416016
2024-12-19,26.42963409423828
2024-12-20,26.78294563293457
2024-12-23,26.861459732055664
2024-12-24,27.067556381225586
2024-12-26,27.077369689941406
2024-12-27,26.9596004486084
2024-12-30,26.724058151245117
2024-12-31,26.812387466430664
2025-01-02,26.753501892089844
2025-01-03,26.930158615112305
2025-01-06,26.763317108154297
2025-01-07,26.753501892089844
2025-01-08,26.812387466430664
2025-01-10,26.508148193359375
2025-01-13,26.79275894165039
2025-01-14,27.008670806884766
2025-01-15,27.303096771240234
2025-01-16,27.312911987304688
2025-01-17,27.469938278198242
2025-01-21,27.69566535949707
2025-01-22,27.4012393951416
2025-01-23,27.56808090209961
2025-01-24,27.548450469970703
2025-01-27,27.9213924407959
2025-01-28,27.548450469970703
2025-01-29,27.489566802978516
2025-01-30,27.46012306213379
2025-01-31,27.312911987304688
2025-02-03,27.2049560546875
2025-02-04,27.244213104248047
2025-02-05,27.430683135986328
2025-02-06,27.234397888183594
2025-02-07,27.047927856445312
2025-02-10,27.16569709777832
2025-02-11,27.352169036865234
2025-02-12,27.136255264282227
2025-02-13,27.33254051208496
2025-02-14,27.273656845092773
2025-02-18,27.469938278198242
2025-02-19,27.656410217285156
2025-02-20,27.793807983398438
2025-02-21,27.685850143432617
2025-02-24,27.734922409057617
2025-02-25,27.9213924407959
2025-02-26,27.626964569091797
2025-02-27,27.646595001220703
2025-02-28,28.009719848632812
2025-03-03,27.8723201751709
2025-03-04,27.4012393951416
2025-03-05,27.52882194519043
2025-03-06,27.548450469970703
2025-03-07,27.931203842163086
2025-03-10,27.852691650390625
2025-03-11,27.224584579467773
2025-03-12,26.930158615112305
2025-03-13,26.78294563293457
2025-03-14,27.126440048217773
2025-03-17,27.440494537353516
2025-03-18,27.4012393951416
2025-03-19,27.50919532775879
2025-03-20,27.430683135986328
2025-03-21,27.244213104248047
2025-03-24,27.56808090209961
2025-03-25,27.322725296020508
2025-03-26,27.529693603515625
2025-03-27,27.480180740356445
2025-03-28,27.311832427978516
2025-03-31,27.68813705444336
2025-04-01,27.599014282226562
2025-04-02,27.599014282226562
2025-04-03,26.470096588134766
2025-04-04,25.034196853637695
2025-04-07,24.69750213623047
2025-04-08,24.08353042602539
2025-04-09,25.618459701538086
2025-04-10,24.727209091186523
2025-04-11,25.054000854492188
2025-04-14,25.351085662841797
2025-04-15,25.182737350463867
2025-04-16,24.88565444946289
2025-04-17,25.172834396362305
2025-04-21,24.78662872314453
2025-04-22,25.19264030456543
2025-04-23,25.172834396362305
2025-04-24,25.46001434326172
2025-04-25,25.4204044342041
2025-04-28,25.53923797607422
2025-04-29,25.638263702392578
2025-04-30,25.568944931030273
2025-05-01,25.46001434326172
2025-05-02,25.806612014770508
2025-05-05,25.54913902282715
2025-05-06,25.301570892333984
2025-05-07,25.390695571899414
2025-05-08,25.529335021972656
2025-05-09,25.479820251464844
2025-05-12,26.173015594482422
2025-05-13,26.054180145263672
2025-05-14,25.747196197509766
2025-05-15,26.16311264038086
2025-05-16,26.34136199951172
2025-05-19,26.321556091308594
2025-05-20,26.2225284576416
2025-05-21,25.757099151611328
2025-05-22,25.707584381103516
2025-05-23,25.638263702392578
2025-05-27,26.014570236206055
2025-05-28,25.786808013916016
2025-05-29,25.935348510742188
2025-05-30,25.915542602539062
2025-06-02,25.99476432800293
2025-06-03,26.182918548583984
2025-06-04,26.03437614440918
2025-06-05,25.974958419799805
2025-06-06,26.281946182250977
2025-06-09,26.3908748626709
2025-06-10,26.687959671020508
2025-06-11,26.598834991455078
2025-06-12,26.757278442382812
2025-06-13,26.638444900512695
2025-06-16,26.65825080871582
2025-06-17,26.460193634033203
2025-06-18,26.380971908569336
2025-06-20,26.44038963317871
2025-06-23,26.44038963317871
2025-06-24,26.479999542236328
2025-06-25,26.200000762939453
2025-06-26,26.389999389648438
2025-06-27,26.389999389648438
2025-06-30,26.5
2025-07-01,27.049999237060547
2025-07-02,27.309999465942383
2025-07-03,27.350000381469727
2025-07-07,27.059999465942383
2025-07-08,27.31999969482422
2025-07-09,27.290000915527344
2025-07-10,27.510000228881836
2025-07-11,27.329999923706055
